<configs>
  <set xpath="/progression/level/@max_level">500</set>
  <set xpath="/progression/level/@exp_to_level">6500</set>
  <set xpath="/progression/level/@experience_multiplier">1.005</set>
  <set xpath="/progression/level/@skill_points_per_level">5</set>

  <set xpath="/progression/attributes/@cost_multiplier_per_level">1.5</set>

  <set xpath="/progression/perks/@cost_multiplier_per_level">1.5</set>

  <set xpath="//level_requirements/requirement[@name='PlayerLevel']/@value">1</set>
</configs>