<configs>

    <append xpath="/entity_classes">

      <entity_class name="SDXTemplate" extends="zombieTemplateMale">
        <!-- For fun, let's use the zombie transmogrifier class -->
        <!--property name="Class" value="EntityZombieSDX, Mods" /-->

        <!-- We are using the Animal Animation, since the BipedAnimation is a bit wonky with the hit animation -->
        <property name="AvatarController" value="MecanimSDX, Mods" />

        <!-- With true, the zombie just kind of chills out in one place. Set to false to watch it move. -->
        <property name="RootMotion" value="false" />

        <!-- Baseline Speed is way too slow, so we need to bump it up a notch or 5 -->
        <property name="WanderSpeed" value="0.8" />
        <property name="ApproachSpeed" value="0.8" />
        <property name="NightWanderSpeed" value="0.8" />
        <property name="NightApproachSpeed" value="1.1" />
        <property name="HasRagdoll" value="false" />
      </entity_class>

    </append>

</configs>