<?xml version="1.0"?>
<configs>
    <append xpath="/entity_classes">
    <entity_class name="zombieBikerL" extends="zombieBiker">  
        <property name="ReplaceMaterial0" value="#@modfolder:Resources/BikerNewTry.unity3d?BikerLight"/>
        <property name="ReplaceMaterial1" value="#@modfolder:Resources/BikerNewTry.unity3d?Zeye"/> 
        <property name="ReplaceMaterial2" value="#@modfolder:Resources/BikerNewTry.unity3d?BikerHair"/>
    </entity_class>
    <entity_class name="zombieBikerR" extends="zombieBiker">  
        <property name="ReplaceMaterial0" value="#@modfolder:Resources/BikerNewTry.unity3d?BikerLightR"/>
        <property name="ReplaceMaterial1" value="#@modfolder:Resources/BikerNewTry.unity3d?Zeye"/> 
        <property name="ReplaceMaterial2" value="#@modfolder:Resources/BikerNewTry.unity3d?BikerHair"/>
    </entity_class>    
    </append>
</configs>