<configs>
		<append xpath="/blocks">	
			<block name="FlagUSA">
				<property name="Material" value="Mmetal"/>
				<property name="Collide" value="sight,movement,melee,bullet,arrow,rocket"/>
				<drop event="Destroy" count="0"/>
				<property name="DescriptionKey" value="decorationBlockGroupDesc"/>
				<property name="Shape" value="ModelEntity" />
				<property name="Model" value="#@modfolder:Resources/Flags.unity3d?FlagUSA_X" />
				<property name="CustomIcon" value="FlagUSA" />
				<property name="CanPickup" value="true" />
			</block>
			<block name="FlagRepo">
				<property name="Material" value="Mmetal"/>
				<property name="Collide" value="sight,movement,melee,bullet,arrow,rocket"/>
				<drop event="Destroy" count="0"/>
				<property name="DescriptionKey" value="decorationBlockGroupDesc"/>
				<property name="Shape" value="ModelEntity" />
				<property name="Model" value="#@modfolder:Resources/Flags.unity3d?FlagRepo_X" />
				<property name="CustomIcon" value="FlagRepo" />
				<property name="CanPickup" value="true" />
			</block>
			<block name="FlagInfection">
				<property name="Material" value="Mmetal"/>
				<property name="Collide" value="sight,movement,melee,bullet,arrow,rocket"/>
				<drop event="Destroy" count="0"/>
				<property name="DescriptionKey" value="decorationBlockGroupDesc"/>
				<property name="Shape" value="ModelEntity" />
				<property name="Model" value="#@modfolder:Resources/Flags.unity3d?FlagInfection_X" />
				<property name="CustomIcon" value="FlagInfection" />
				<property name="CanPickup" value="true" />
			</block>
			<block name="FlagRadiation">
				<property name="Material" value="Mmetal"/>
				<property name="Collide" value="sight,movement,melee,bullet,arrow,rocket"/>
				<drop event="Destroy" count="0"/>
				<property name="DescriptionKey" value="decorationBlockGroupDesc"/>
				<property name="Shape" value="ModelEntity" />
				<property name="Model" value="#@modfolder:Resources/Flags.unity3d?FlagRadiation_X" />
				<property name="CustomIcon" value="FlagRadiation" />
				<property name="CanPickup" value="true" />
			</block>
			<block name="FlagSheldon">
				<property name="Material" value="Mmetal"/>
				<property name="Collide" value="sight,movement,melee,bullet,arrow,rocket"/>
				<drop event="Destroy" count="0"/>
				<property name="DescriptionKey" value="decorationBlockGroupDesc"/>
				<property name="Shape" value="ModelEntity" />
				<property name="Model" value="#@modfolder:Resources/Flags.unity3d?FlagSheldon_X" />
				<property name="CustomIcon" value="FlagSheldon" />
				<property name="CanPickup" value="true" />
			</block>
			<block name="FlagGuppy">
				<property name="Material" value="Mmetal"/>
				<property name="Collide" value="sight,movement,melee,bullet,arrow,rocket"/>
				<drop event="Destroy" count="0"/>
				<property name="DescriptionKey" value="decorationBlockGroupDesc"/>
				<property name="Shape" value="ModelEntity" />
				<property name="Model" value="#@modfolder:Resources/Flags.unity3d?FlagGuppy_X" />
				<property name="CustomIcon" value="FlagGuppy" />
				<property name="CanPickup" value="true" />
			</block>
			<block name="FlagSphereii">
				<property name="Material" value="Mmetal"/>
				<property name="Collide" value="sight,movement,melee,bullet,arrow,rocket"/>
				<drop event="Destroy" count="0"/>
				<property name="DescriptionKey" value="decorationBlockGroupDesc"/>
				<property name="Shape" value="ModelEntity" />
				<property name="Model" value="#@modfolder:Resources/Flags.unity3d?FlagSphereii_X" />
				<property name="CustomIcon" value="FlagSphereii" />
				<property name="CanPickup" value="true" />
			</block>
			<block name="FlagLooted">
				<property name="Material" value="Mmetal"/>
				<property name="Collide" value="sight,movement,melee,bullet,arrow,rocket"/>
				<drop event="Destroy" count="0"/>
				<property name="DescriptionKey" value="decorationBlockGroupDesc"/>
				<property name="Shape" value="ModelEntity" />
				<property name="Model" value="#@modfolder:Resources/Flags.unity3d?FlagLooted_X" />
				<property name="CustomIcon" value="FlagLooted" />
				<property name="CanPickup" value="true" />
			</block>
			<block name="FlagCanada">
				<property name="Material" value="Mmetal"/>
				<property name="Collide" value="sight,movement,melee,bullet,arrow,rocket"/>
				<drop event="Destroy" count="0"/>
				<property name="DescriptionKey" value="decorationBlockGroupDesc"/>
				<property name="Shape" value="ModelEntity" />
				<property name="Model" value="#@modfolder:Resources/FlagCanada.unity3d?FlagCanada" />
				<property name="CustomIcon" value="FlagCanada" />
				<property name="CanPickup" value="true" />
			</block>
			<block name="FlagNF">
				<property name="Material" value="Mmetal"/>
				<property name="Collide" value="sight,movement,melee,bullet,arrow,rocket"/>
				<drop event="Destroy" count="0"/>
				<property name="DescriptionKey" value="decorationBlockGroupDesc"/>
				<property name="Shape" value="ModelEntity" />
				<property name="Model" value="#@modfolder:Resources/FlagNF.unity3d?FlagNF" />
				<property name="CustomIcon" value="FlagNF" />
				<property name="CanPickup" value="true" />
			</block>
			</append>
</configs>