<configs>
	<append xpath="/blocks">
		<!-- Guppy's Placeable Light Mod -->
		<block name="PlaceableFlashLight">
			<property name="Material" value="Mwood_weak"/>
			<property name="MaxDamage" value="1"/>
			<property name="StabilitySupport" value="false"/>
			<property name="IsTerrainDecoration" value="true"/>	
			<property name="Shape" value="ModelEntity"/>	
			<property name="Model" value="#@modfolder:Resources/GuppysLightSystem.unity3d?GuppyPlaceableFlashlight.prefab"/>
			<property name="Place" value="TowardsPlacerInverted"/>			
			<property name="OnlySimpleRotations" value="true"/>
			<property name="Collide" value="movement,melee,bullet,arrow,rocket"/>	
			<property name="DropMeshfile" value="#@modfolder:Resources/GuppysLightSystem.unity3d?GuppyPlaceableFlashlight.prefab"/>
			<property name="CustomIcon" value="PlaceableBuildersLight" />
			<property name="StabilitySupport" value="false"/>
			<property name="CreativeMode" value="Player"/>
			<property name="Stacknumber" value="50"/>
			<property name="Class" value="TorchHeatMap"/>
			<property name="HeatMapStrength" value="4.05"/>
			<property name="HeatMapTime" value="120"/> 
			<property name="HeatMapFrequency" value="15"/>
			<property name="DescriptionKey" value="torchPlayerGroupDesc"/>
			<property name="CanPickup" value="true" param1="handFlashlight" />
			<drop event="Destroy" name="resourceScrapIron" count="1" prob="1"/>	
			<property name="Group" value="Basics,Building"/>
			<property name="DescriptionKey" value="torchGroupDesc"/>
			<property name="FilterTags" value="fdecor,felectrical"/>
			<property name="SortOrder1" value="70a0"/>	
		</block>
		
		<block name="PlaceableConstructionLight">
			<property name="Material" value="Mwood_weak"/>
			<property name="MaxDamage" value="1"/>
			<property name="StabilitySupport" value="false"/>
			<property name="IsTerrainDecoration" value="true"/>	
			<property name="Shape" value="ModelEntity"/>	
			<property name="Model" value="#@modfolder:Resources/GuppysLightSystem.unity3d?ConstructionLight_X"/>
			<property name="OnlySimpleRotations" value="true"/>
			<property name="Collide" value="movement,melee,bullet,arrow,rocket"/>	
			<property name="DropMeshfile" value="#@modfolder:Resources/GuppysLightSystem.unity3d?ConstructionLight_X"/>
			<property name="CustomIcon" value="constructionLight" />
			<property name="MultiBlockDim" value="1,2,1"/>
			<property name="StabilitySupport" value="false"/>
			<property name="CreativeMode" value="Player"/>
			<property name="Stacknumber" value="50"/>
			<property name="Class" value="TorchHeatMap"/>
			<property name="HeatMapStrength" value="4.05"/>
			<property name="HeatMapTime" value="120"/> 
			<property name="HeatMapFrequency" value="15"/>
			<property name="DescriptionKey" value="torchPlayerGroupDesc"/>
			<property name="CanPickup" value="true" param1="ConstructionLight" />
			<drop event="Destroy" name="resourceScrapIron" count="1" prob="1"/>	
			<property name="Group" value="Basics,Building"/>
			<property name="DescriptionKey" value="torchGroupDesc"/>
			<property name="FilterTags" value="fdecor,felectrical"/>
			<property name="SortOrder1" value="70a0"/>			
		</block>

		<block name="PlaceableLanternBlock">
			<property name="Material" value="Mwood_weak"/>
			<property name="MaxDamage" value="1"/>
			<property name="StabilitySupport" value="false"/>
			<property name="IsTerrainDecoration" value="true"/>	
			<property name="Shape" value="ModelEntity"/>	
			<property name="Model" value="#@modfolder:Resources/GuppysLightSystem.unity3d?GuppyLanternBlock"/>
			<property name="OnlySimpleRotations" value="true"/>
			<property name="Collide" value="movement,melee,bullet,arrow,rocket"/>	
			<property name="DropMeshfile" value="#@modfolder:Resources/GuppysLightSystem.unity3d?GuppyLanternBlock"/>
			<property name="CustomIcon" value="handLantern" />
			<property name="MultiBlockDim" value="1,2,1"/>
			<property name="StabilitySupport" value="false"/>
			<property name="CreativeMode" value="Player"/>
			<property name="Stacknumber" value="50"/>
			<property name="Class" value="TorchHeatMap"/>
			<property name="HeatMapStrength" value="4.05"/>
			<property name="HeatMapTime" value="120"/> 
			<property name="HeatMapFrequency" value="15"/>
			<property name="DescriptionKey" value="torchPlayerGroupDesc"/>
			<property name="CanPickup" value="true" param1="handLantern" />
			<drop event="Destroy" name="resourceScrapIron" count="1" prob="1"/>	
			<property name="Group" value="Basics,Building"/>
			<property name="DescriptionKey" value="torchGroupDesc"/>
			<property name="FilterTags" value="fdecor,felectrical"/>
			<property name="SortOrder1" value="70a0"/>			
		</block>		

	</append>
	
	<append xpath="/blocks/block[@name='workLightPOI']">
		<property name="CanPickup" value="true" param1="PlaceableConstructionLight"/>
	</append>
	<append xpath="/blocks/block[@name='lanternDecorLight']">
		<property name="CanPickup" value="true" param1="handLantern"/>		
	</append>
	<append xpath="/blocks/block[@name='flashlightDecor']">
		<property name="CanPickup" value="true" param1="handFlashlight"/>
	</append>
</configs>