<configs>

	<set xpath="/entity_classes/entity_class[@name='zombieFatCop']/property[@name='LootDropEntityClass']/@value">EntityLootContainerCop</set>
	<!--<set xpath="/entity_classes/entity_class[@name='zombieFatCop']/property[@name='LootDropProb']/@value">1</set> -->
	<set xpath="/entity_classes/entity_class[@name='zombieFatCopFeral']/property[@name='LootDropProb']/@value">1</set>
	<set xpath="/entity_classes/entity_class[@name='zombieFatCopRadiated']/property[@name='LootDropProb']/@value">1</set>
	
	<append xpath="/entity_classes">

	<entity_class name="EntityLootContainerCop">
		<property name="Mesh" value="LootContainers/zpackPrefab"/>
		<property name="ModelType" value="Custom"/>
		<property name="Prefab" value="Backpack"/>
		<property name="Class" value="EntityLootContainer"/>
		<property name="Parent" value="Backpack"/>
		<property name="IsEnemyEntity" value="false"/>
		<property name="TimeStayAfterDeath" value="300"/>
		<property name="LootListOnDeath" value="111"/>
		<property name="Faction" value="none"/>
	</entity_class>
		
</append>

<insertAfter xpath="/entity_classes/entity_class[@name='zombieFatCop']/property[@name='LootDropEntityClass']" >
    <property name="LootDropProb" value="1.0"  />
</insertAfter>  

</configs>