<configs>
	<append xpath="/blocks">
		<!-- Guppy's Torch Mod -->
		<block name="PlaceableFastBurnTorch">
			<property name="Material" value="Mwood_weak"/>
			<property name="MaxDamage" value="1"/>
			<property name="StabilitySupport" value="false"/>
			<property name="IsTerrainDecoration" value="true"/>	
			<property name="Shape" value="ModelEntity"/>	
			<property name="Model" value="#@modfolder:Resources/GKRTorch.unity3d?TorchBlockFast.prefab"/>
			<property name="OnlySimpleRotations" value="true"/>
			<property name="Collide" value="movement,melee,bullet,arrow,rocket"/>	
			<property name="DropMeshfile" value="#@modfolder:Resources/GKRTorch.unity3d?TorchBlockFast.prefab"/>
			<property name="CustomIcon" value="torchblock" />
			<property name="StabilitySupport" value="false"/>
			<property name="CreativeMode" value="Player"/>
			<property name="Stacknumber" value="50"/>
			<property name="Class" value="TorchHeatMap"/>
			<property name="HeatMapStrength" value="4.05"/>
			<property name="HeatMapTime" value="120"/> 
			<property name="HeatMapFrequency" value="15"/>
			<property name="DescriptionKey" value="torchPlayerGroupDesc"/>
			<property name="CanPickup" value="false"/>
			<drop event="Destroy" name="wood" count="1" prob="1"/>
			<drop event="Destroy" name="resourceScrapIron" count="1" prob="1"/>	
			<property name="Group" value="Basics,Building"/>
			<property name="DescriptionKey" value="torchGroupDesc"/>
			<property name="FilterTags" value="fdecor,felectrical"/>
			<property name="SortOrder1" value="70a0"/>	
		</block>

		<block name="PlaceableSlowBurnTorch">
			<property name="Material" value="Mwood_weak"/>
			<property name="MaxDamage" value="1"/>
			<property name="StabilitySupport" value="false"/>
			<property name="IsTerrainDecoration" value="true"/>	
			<property name="Shape" value="ModelEntity"/>	
			<property name="Model" value="#@modfolder:Resources/GKRTorch.unity3d?TorchBlockSlow.prefab"/>
			<property name="OnlySimpleRotations" value="true"/>
			<property name="Collide" value="movement,melee,bullet,arrow,rocket"/>	
			<property name="DropMeshfile" value="#@modfolder:Resources/GKRTorch.unity3d?TorchBlockSlow.prefab"/>
			<property name="CustomIcon" value="torchblock" />
			<property name="StabilitySupport" value="false"/>
			<property name="CreativeMode" value="Player"/>
			<property name="Stacknumber" value="50"/>
			<property name="Class" value="TorchHeatMap"/>
			<property name="HeatMapStrength" value="4.05"/>
			<property name="HeatMapTime" value="1200"/> 
			<property name="HeatMapFrequency" value="15"/>
			<property name="DescriptionKey" value="torchPlayerGroupDesc"/>
			<property name="CanPickup" value="false"/>
			<drop event="Destroy" name="resourceScrapIron" count="1" prob="1"/>	
			<property name="Group" value="Basics,Building"/>
			<property name="DescriptionKey" value="torchGroupDesc"/>
			<property name="FilterTags" value="fdecor,felectrical"/>
			<property name="SortOrder1" value="70a0"/>	
		</block>

		<block name="PlaceableBurnedOutTorch">
			<property name="Material" value="Mwood_weak"/>
			<property name="MaxDamage" value="1"/>
			<property name="StabilitySupport" value="false"/>
			<property name="IsTerrainDecoration" value="true"/>	
			<property name="Shape" value="ModelEntity"/>	
			<property name="Model" value="#@modfolder:Resources/GKRTorch.unity3d?TorchBlockBurnedOut.prefab"/>
			<property name="OnlySimpleRotations" value="true"/>
			<property name="Collide" value="movement,melee,bullet,arrow,rocket"/>	
			<property name="DropMeshfile" value="#@modfolder:Resources/GKRTorch.unity3d?TorchBlockSlow.prefab"/>
			<property name="CustomIcon" value="torchblock" />
			<property name="StabilitySupport" value="false"/>
			<property name="CreativeMode" value="Player"/>
			<property name="Stacknumber" value="50"/>
			<property name="Class" value="TorchHeatMap"/>
			<property name="HeatMapStrength" value="4.05"/>
			<property name="HeatMapTime" value="1200"/> 
			<property name="HeatMapFrequency" value="15"/>
			<property name="DescriptionKey" value="torchPlayerGroupDesc"/>
			<property name="CanPickup" value="false"/>
			<drop event="Destroy" name="resourceScrapIron" count="1" prob="1"/>
			<property name="Group" value="Basics,Building"/>
			<property name="DescriptionKey" value="torchGroupDesc"/>
			<property name="FilterTags" value="fdecor,felectrical"/>
			<property name="SortOrder1" value="70a0"/>			
		</block>
	</append>
</configs>