<configs>
	<append xpath="/entity_classes">
	
		<entity_class name="Trapped_Rabbit" extends="animalTemplateTimid">
			<property name="Tags" value="animal"/>
			<property name="Mesh" value="Animals/Rabbit/RABBIT"/>
			<property name="Prefab" value="NPC"/>
			<property name="Class" value="EntityAnimalRabbit"/>
			<property name="Parent" value="Animals"/>
			<property name="Faction" value="animals"/>
			<property name="PhysicsBody" value="rabbit"/>
			<property name="Mass" value="12"/>
			<property name="Weight" value="10"/>
			<property name="SoundHurt" value="Animals/rabbitpain"/>
			<property name="SoundDeath" value="Animals/rabbitdeath"/>
			<property name="SwimOffset" value="2"/>
			<property name="HasRagdoll" value="true"/>

			<!-- Gameplay -->
			<property name="MaxTurnSpeed" value="0"/>
			<property name="WanderSpeed" value="0"/>
			<property name="PanicSpeed" value="0"/>

			<property name="ExperienceGain" value="173"/>
			<property name="DeadBodyHitPoints" value="175"/>
			<drop event="Harvest" name="foodRawMeat" count="0" tool_category="Butcher"/>
			<drop event="Harvest" name="foodRawMeat" tag="butcherHarvest" count="10"/> <!-- animalRabbit -->
			<drop event="Harvest" name="resourceLeather" tag="butcherHarvest" count="2"/>

			<effect_group name="Base Effects">
				<passive_effect name="JumpStrength" operation="base_set" value="0"/>
				<passive_effect name="HealthMax" operation="base_set" value="10"/>
				<passive_effect name="HealthMax" operation="perc_add" value="0"/> <!-- Animal HP scale -->
			</effect_group>
		</entity_class>

	</append>
</configs>