<configs>
	<append xpath="/items">

	<item name="Herbivore_Bait">
		<!--<property name="DescriptionKey" value="Herbivore_Bait_Desc"/> -->
		<property name="Degradation" value="1" param1="true" />
		<property name="Meshfile" value="Items/Misc/sackPrefab"/>
		<property name="DropMeshfile" value="Items/Misc/sack_droppedPrefab"/>
		<property name="Material" value="Mfarmland"/>
		<property name="CustomIcon" value="ammoBlunderbuss" />
		<property name="CustomIconTint" value="255,255,0" />
		<property name="Weight" value="1" />
		<property name="HoldType" value="45"/>
		<property name="EconomicValue" value="8"/>
	</item>
	
	<item name="Unbaited_Reusable_Rabbit_Trap">
		<!--<property name="DescriptionKey" value="Unbaited_Reusable_Rabbit_Trap_Desc"/> -->
		<property name="Degradation" value="1" param1="true" />
		<property name="Meshfile" value="Items/Misc/sackPrefab"/>
		<property name="DropMeshfile" value="Items/Misc/sack_droppedPrefab"/>
		<property name="Material" value="Mfarmland"/>
		<property name="CustomIcon" value="woodFrameGableInvertedSteep" />
		<property name="CustomIconTint" value="255,0,0" />
		<property name="Weight" value="1" />
		<property name="HoldType" value="45"/>
		<property name="EconomicValue" value="8"/>
	</item>

	<item name="Unbaited_Primitive_Rabbit_Trap">
		<!--<property name="DescriptionKey" value="Unbaited_Primitive_Rabbit_Trap_Desc"/> -->
		<property name="Degradation" value="1" param1="true" />
		<property name="Meshfile" value="Items/Misc/sackPrefab"/>
		<property name="DropMeshfile" value="Items/Misc/sack_droppedPrefab"/>
		<property name="Material" value="Mfarmland"/>
		<property name="CustomIcon" value="woodFrameArch" />
		<property name="CustomIconTint" value="0,255,0" />
		<property name="Weight" value="1" />
		<property name="HoldType" value="45"/>
		<property name="EconomicValue" value="8"/>
	</item>
	
	</append>
</configs>